998.48213,NGQP,328.14951
836.33744,DIFV,558.35295
1535.79907,RFAQ,831.46429
163.06333,IPLP,1250.60839
386.19540,KRFK,643.31117
1306.64584,IVFT,792.35147
1438.83701,PLIP,186.10044
641.30204,LPKD,1281.73459
1058.54302,KLIN,627.32278
776.33407,IYQG,226.09535
384.23726,IGNS,596.38973
427.24308,TMPL,794.30913
430.14884,JJMJ,868.45553
1002.44806,FPYY,357.16885
378.15393,YQSQ,97.05276
539.30674,CDNC,815.37734
1239.69102,FQTL,101.04768
1343.69324,LPPQ,808.41193
342.19031,VTPW,257.13755
730.36836,NLRK,379.19679
113.08406,CQLA,349.12738
842.36012,FWSK,243.08552
546.22943,LVCS,677.28028
955.45454,VNSI,679.30780
287.11173,KFAN,57.02146
874.34320,LKYF,924.52935
459.19652,EEEK,87.03203
1707.00829,LLGT,87.03203
797.45078,NAKP,878.48348
543.25403,VVLV,699.35915
422.19137,TNMT,1798.84206
314.15902,KETE,957.41134
727.35006,SLFE,326.15901
680.34683,QWCH,642.28356
2412.30007,NGCY,320.06131
519.26929,TFIL,289.12739
626.31362,IPVT,367.15320
137.05891,PGGY,637.25300
1981.90511,TCIM,288.12561
532.30093,VCWS,845.47592
113.08406,JRNY,351.19065
1257.67171,HKFD,468.22200
1614.81542,ERRV,369.23759
115.02694,NADT,2026.90677
760.41193,SSRL,289.07324
364.18590,ESLI,1183.55833
519.28792,FLNE,1364.61044
812.45445,DLTK,461.15804
243.08552,NHWV,531.19000
736.43440,NYSH,319.11681
673.34351,FHPE,1474.70520
1145.47527,RRRR,725.37079
592.29690,RKYD,267.15828
1197.53893,FKVI,114.04293
128.05858,FGKI,283.11681
57.02146,MQTI,771.43915
1526.75244,LSDF,156.10111
1015.46105,NLED,1109.46654
479.24923,NKVH,389.16992
354.22669,ASEE,767.45412
1275.77030,TCDR,174.06406
560.31830,PNLD,244.06953
686.35000,DYJP,1142.53964
480.14924,WWND,643.26017
271.12805,EHHL,1574.77289
569.28092,VQSV,1601.90685
471.28053,KFLS,966.52868
228.08586,VGMC,228.11100
137.05891,IIVA,2229.05581
373.23653,YNLI,2018.07330
1056.62191,GSGK,968.59061
416.17295,GADI,358.14885
724.35442,KLST,202.09536
755.39661,FQVI,1428.68261
287.14160,PRDQ,416.24234
1573.83986,SQRT,212.15247
1775.96439,KKDL,113.08406
226.16812,PVIS,631.31770
622.31149,JCPT,265.15387
307.18958,STSS,97.05276
1322.76381,FLCP,1059.53891
367.16781,PDIC,1280.64479
1636.87387,MRJW,358.16410
356.16958,QQYK,621.23946
184.08479,SVGT,1530.68380
71.03711,JQNE,876.37259
184.08479,GQIG,228.11100
370.16747,YLWM,817.36063
1211.45533,AAWD,347.14811
1073.58041,IDDI,752.49084
1087.60258,THGL,113.08406
331.18958,HWIN,1825.94300
1391.62135,FSRF,698.33475
942.46733,KLIS,1244.65936
816.44937,WJSJ,1390.47404
592.29038,YTFH,71.03711
274.11782,ENMJ,1240.58113
147.06841,RFCR,1664.69228
309.20523,DIEA,389.15868
457.20736,LJMA,87.03203
371.16924,VKIS,1695.83151
1351.65607,QWCG,795.51191
503.20161,MNHY,275.05759
1009.59201,DITQ,97.05276
510.25504,GCDI,1176.51346
87.03203,ANLF,655.37655
1270.61684,TYGS,586.27847
635.35033,NFRL,487.18556
170.10552,ANEA,616.33328
323.13822,SJNS,2150.81544
355.18557,IDSA,1115.63387
799.42282,PATD,455.24922
299.11173,LIPV,113.08406
345.11721,SANS,1725.79919
210.13682,LHMY,592.40605
631.35158,TSHP,131.04049
356.21720,KAGN,386.19540
2076.07921,KVQP,201.07496
1493.90418,AKIN,186.07931
485.30019,LRYI,343.19296
2484.19948,KILF,115.02694
2283.21323,SHIL,226.16812
411.21178,DKLN,1677.84745
348.14337,FSLA,326.12666
377.19507,QLSE,113.08406
378.15394,LSYK,1059.53827
361.20015,CVTY,1566.76147
1854.85318,JQTD,413.15869
826.41847,TGAA,128.09496
1468.83366,KWLD,775.33882
727.41293,KQRK,1056.59676
759.45038,LVGG,483.28053
282.13280,RRMG,399.21178
115.02694,NRPE,2594.23172
101.04768,LCEK,2085.00481
365.16991,VPVI,833.42581
582.38532,LLEG,895.51269
732.36538,VFRV,1457.90819
987.56139,SEGL,113.08406
318.09979,LVSI,830.47963
115.02694,ETYS,1177.55882
298.20048,INSG,156.10111
71.03711,KKQD,2313.25527
298.16410,EDLD,255.16952
994.40658,TLGK,369.23760
1152.50223,QQMJ,538.37034
499.21793,SJJQ,1750.82832
1077.54948,SSFI,993.42322
276.14739,RAWD,198.10044
739.44529,WIIP,277.10626
851.38473,PVPF,1241.54786
517.20200,IEYV,114.04293
611.29147,ENTR,1448.83980
699.35514,MISQ,559.33697
572.25946,SKIF,575.29550
984.42020,IAGG,1397.71505
613.28198,ERFI,1524.81208
1264.67031,DSCL,591.25403
416.16557,LALY,1103.53009
309.20523,ERAK,1714.69019
596.28058,LNDF,1051.56619
329.15868,RQDL,760.28752
1120.48590,EKDL,527.27035
725.42243,VCRJ,1348.62340
575.29550,TGSF,266.10150
1417.76122,NGWN,805.40824
128.09496,ALLT,1977.95193
814.45887,FQNF,1611.78613
563.23398,FSFT,342.15393
128.05858,VGLS,345.20523
628.36967,PMIW,602.30640
507.25939,VGMV,469.25363
592.26791,LAWA,313.16376
1469.68737,DPSG,156.10111
1783.96073,GVDS,210.13682
665.39006,YSEE,674.35001
663.30503,JTWD,1555.71294
1610.72527,QAJP,413.23866
491.22023,KDSS,196.12117
1351.71829,ADVK,546.26244
1876.80588,YJET,670.23156
932.41271,HRVG,1291.69314
2166.22745,KSSR,344.18082
346.13110,CQEI,342.18042
814.36095,DIRR,1134.60330
260.11609,DSHA,646.27848
1881.03010,MLRG,114.04293
1245.67708,FRPD,581.29617
745.36063,DCQN,57.02146
1009.47699,GNMS,389.20630
200.07970,PMAI,533.19040
57.02146,YSLP,951.55416
1613.79840,LFHD,997.40759
489.24883,DVHS,299.11173
185.11642,RIFE,785.36428
436.22228,LAHG,699.30752
269.18517,IRIL,2117.00988
1038.48828,CYRM,1428.74485
597.29108,NMAG,1540.56459
435.16015,DPVQ,428.16556
1532.87147,SKND,864.48575
194.08037,FRYC,629.28092
1261.63159,RWEA,1126.38820
562.20571,QLDG,527.33189
609.25470,ILKN,1018.42033
226.09535,FLIG,2208.17719
468.19686,KRFG,1768.84674
355.18556,EERK,1374.64155
487.22194,PGPA,1444.62275
1646.86678,DVSA,115.02694
766.18981,EWEE,566.34278
289.10963,LPHP,596.43735
343.11279,VNED,115.02694
569.26968,DIAS,101.04768
785.36090,JKAT,275.05759
457.21726,TMIR,1330.74375
498.22267,TLNT,807.39153
115.02694,SSSK,344.16958
949.50214,QLTW,1169.65568
1070.50798,ECVW,301.14601
543.33804,DTDK,234.10044
1150.52948,IQEV,438.24782
163.06333,IPGT,846.47856
497.15804,CQPG,218.07252
199.13207,TKVG,1086.58218
813.34394,NRQG,241.14264
304.08414,LHIM,1228.61414
847.37206,FEFF,567.34205
229.14264,IIAE,527.30674
1443.63199,PSLT,405.20122
504.23325,NIII,1237.59156
520.23154,RKPL,356.21720
1131.45411,NNND,887.45009
115.02694,DNDL,549.25873
707.36022,LEVD,1329.77685
341.21753,TRDK,147.06841
407.13286,LQAR,186.07931
448.19579,DFAK,1664.96135
592.23491,SSSL,445.21726
230.09027,SETI,256.18992
340.13828,YPMK,87.03203
2185.95457,TFTK,259.09906
184.08479,STSP,316.13176
356.18483,IQLG,1089.58184
1653.86963,YKLE,912.44153
227.12699,TGSL,1116.63315
882.48106,LLDN,1417.71360
270.13280,QDDG,57.02146
513.27985,SLEE,1174.62337
261.11134,HELQ,252.08585
895.49291,LKEE,1649.86242
606.35295,GNAE,1864.76862
712.36902,FGDT,114.04293
170.10552,FGSI,1371.70678
226.16812,IPTY,702.40376
659.27623,PVLH,225.14772
548.27069,SSET,309.20523
1513.71948,MKTI,626.35739
828.39908,MELK,382.26923
716.37046,EDDD,639.29042
1139.62735,TTSG,1308.56560
229.10626,GVKG,273.11134
1344.76527,EEGT,285.13247
814.40858,LKDN,373.16714
1035.63012,AAAA,541.28599
870.46716,TEFQ,1333.56958
747.35916,LRCQ,633.26146
616.36967,STRT,513.25470
97.05276,HIRR,521.25978
339.25218,PNTY,1540.81101
1843.95421,KETI,113.08406
1376.66459,TDYP,706.29222
795.38751,QGVY,1357.75785
301.10625,HSGT,1864.71152
2051.02582,VDIL,444.19034
229.06987,SISL,241.17902
886.53886,QFLK,400.19579
946.46947,GJNG,453.19067
1243.52041,TLVS,558.22855
922.41847,AFYY,1335.65330
764.39695,ASDF,519.26929
210.13682,FVLY,564.28085
200.07970,GVCP,1522.92420
1788.93699,FTSY,711.42791
611.34649,TPPN,256.18992
1034.42486,HVYD,1369.59725
1252.57711,NSDD,554.31763
841.40422,MDEK,186.10044
286.16410,NSRH,220.08479
1134.47168,LLKH,1014.49817
474.17843,GDEQ,1032.62325
215.12699,VDPN,354.22670
129.04259,GFGP,526.33396
426.24782,ITIW,184.12117
885.45558,EAAN,586.29623
471.22703,CYPS,505.23589
1311.68228,YGPD,269.17393
1626.75344,PCPK,645.30168
154.07422,EKFR,585.27583
429.18596,YYKV,333.16885
514.24995,ATDA,691.31519
590.27001,AKKF,987.46614
278.10890,LKLQ,2048.00030
163.06333,LLVT,1005.49196
57.02146,NIEH,982.48320
1204.68895,NQQV,603.26527
568.34854,LTSC,744.39524
1039.57021,FSKD,571.29657
445.14536,QHGN,423.24816
572.26282,IPGG,317.12230
369.27398,DIKS,188.07971
752.46570,WVSN,468.30333
854.42212,TPAS,485.24268
596.25946,SQKR,174.06406
1618.90556,VIYR,837.50454
356.21720,DLMI,774.42758
781.44864,FNPJ,1442.69495
312.20222,DSAP,357.12845
385.19613,IPTA,299.16337
703.31520,KQSW,835.40507
705.33334,AEVA,1022.37974
244.12455,WLSV,226.16812
71.03711,VANA,884.49672
1022.67394,ALPL,1040.62298
616.28567,INVC,1974.95226
1877.91679,LVPT,356.20596
929.44943,KLDK,439.31584
128.05858,QKJP,1454.84316
1430.67650,RIPL,330.13617
99.06841,QVDW,2116.91084
491.27438,DLEN,271.12805
186.07931,MYYP,1091.41645
340.21105,SKLK,315.14303
172.08479,FLTD,532.21041
186.07931,SLSK,1998.15131
388.14165,HTAH,344.15182
356.18483,YVLL,604.34452
704.36055,VIPQ,455.31076
113.08406,NHLS,904.48068
241.14264,KQQE,715.32894
807.36976,RLLT,865.43676
808.35376,ITLS,297.20523
212.15247,SNNA,257.14879
311.18450,PFJY,1436.68322
275.16337,TATK,1562.75763
1119.43314,LSHN,878.32688
224.09094,KSCF,1790.91037
231.06776,LFFV,1112.49946
807.36504,MMRF,298.16410
1601.71841,WVJY,487.20669
718.37622,TTWR,186.07931
546.24380,SCEI,1145.46654
1132.57981,YTTS,214.13174
1519.81468,PCLE,495.31690
1163.56109,SKMI,1050.58217
227.12698,GFLF,606.26493
114.04292,FCPJ,229.14264
989.46405,DIDD,163.06333
1491.63424,QYHC,71.03711
2273.96875,DCHP,186.07931
2275.10686,KELA,228.11100
128.09496,AQNP,1652.96472
712.42316,EYSN,666.30132
330.19032,KDLL,491.21686
1132.56384,KRDT,282.13280
929.46066,KKNS,115.02694
1868.85622,LNLR,484.20703
865.44061,QWNR,342.19032
1488.65798,MPIF,631.28132
936.49162,NEII,328.17467
828.38062,AAGA,435.15764
537.24348,NVAE,904.42904
660.29011,SKRL,97.05276
570.26493,TFVT,71.03711
901.47315,LSIG,605.23016
784.32523,DEME,846.47251
1099.46848,WTSA,131.04049
1439.65907,LGGN,569.32132
731.39260,SSSS,87.03203
1311.52620,NASS,444.22201
1557.71734,VDPW,129.04259
1416.58808,PJMA,448.21105
2335.47122,RKVR,314.17025
359.22088,SGFQ,1351.60914
1395.65061,QGMF,185.08004
549.24347,LSPE,446.18352
128.05858,YAEG,407.13286
1898.77496,RPAT,272.11207
1165.62437,GKQL,1036.44614
314.15902,FNAS,2162.12340
402.19369,TNSI,202.05897
884.45045,KHNW,113.08406
1038.54580,SENL,87.03203
1727.79166,JFLA,384.21211
862.46608,DHDE,430.16997
2184.03031,IKEK,241.17902
972.53924,IRFK,252.08585
1513.78235,GIGN,1053.52432
1351.64081,PPDC,1189.53654
101.04768,DHIY,394.25799
1129.62437,IHRF,341.20630
1662.83991,CFMP,809.34903
1214.70229,AIKC,868.57858
215.12699,IVEQ,244.12455
326.19540,QVEY,1524.63459
789.36571,SGGA,419.21687
470.29651,GMLF,439.27945
113.08406,SIJN,1226.63487
226.16812,SYGS,1263.77432
328.17467,GSDN,695.36023
2148.12486,IRFL,128.09496
779.39998,IRLI,1527.67493
558.30132,AIIT,446.17613
415.17030,IDEE,766.54287
129.04259,EEYQ,1086.61856
101.04768,LKHD,516.29209
1491.71465,KDPD,645.31222
289.10963,TLLA,1657.78823
832.40792,VLNS,501.33149
988.54539,LFMI,1093.60662
314.19540,LLKK,1766.79989
926.52254,LFSP,147.06841
340.13828,AALA,741.30820
1161.56408,DGWJ,1136.55894
1768.97766,TVPP,97.05276
71.03711,VGEA,560.34346
1044.52737,SFRE,605.28092
226.09535,PIFP,886.43308
1566.76780,IQRI,216.07462
1583.79051,DKDT,99.06841
940.41780,KTVK,1570.75619
214.13174,SAYY,737.45478
128.09496,GQFC,472.16278
842.43200,EKEF,871.45856
704.17729,GGDD,115.02694
1247.68336,CGIG,608.33222
262.09535,STAF,2109.82215
1033.56686,PPSP,709.38327
965.54083,KLRF,163.06333
947.35487,ETPV,323.12296
1016.54434,NSGF,383.21686
619.33697,YYFD,1323.71279
1750.80231,GMTS,402.17506
1309.70389,YEDD,129.04259
1042.55596,GJDQ,276.14739
763.38644,CELI,1326.74418
1012.51891,ALGL,442.24274
929.40316,THYA,706.36632
859.37119,LQLM,1287.63600
1804.00941,IIPV,115.02694
1044.60800,CSQA,1273.67199
847.38645,SLPQ,443.21285
113.08406,SVHP,1200.52334
664.26390,PQNN,241.17902
1487.70198,TLAI,276.11100
1720.93342,WVGA,585.27583
468.20088,TLQG,137.05891
1148.57135,LTKQ,1006.45823
188.07971,PSAS,888.43011
1256.55493,ITHG,156.10111
553.35877,LTNT,582.31256
851.45412,NSPA,617.30206
97.05276,IECP,493.32640
486.24381,LAAL,163.06333
348.14337,CLVK,1793.84002
400.22566,WSIV,1677.67379
983.46453,SSSL,1220.57605
1542.83067,TANA,642.38532
338.23178,MGYY,713.29553
57.02146,GVIL,1382.83592
725.38202,GRSK,156.08987
228.08586,NTGF,2066.06066
128.05858,ERSD,1863.02540
527.27035,YMKG,737.30292
216.07462,MQSC,1310.61898
314.13789,VGFN,2345.09413
242.12665,GRQP,783.46027
805.39701,WLPL,861.44971
200.11609,QLLG,294.10382
1134.56691,NLDM,849.27453
1152.52400,WTAE,394.25799
550.23220,SFPL,137.05891
147.06841,EFLF,2408.33701
745.44865,KTRF,629.28091
1650.79703,NQGK,662.39762
635.29149,CNHQ,618.22855
732.35886,INKY,128.09496
114.04293,TKGG,1298.68032
1300.63328,LENT,740.45446
619.24983,MDME,226.16812
131.04049,LPRK,459.24816
214.13174,SHCH,507.30567
656.28781,LMRH,827.37735
542.30640,LAFK,1045.60325
257.10117,SSTL,955.48756
754.40538,ERQT,1018.42906
362.10825,KYKL,691.27882
1646.87417,PKTS,510.32780
877.40039,ITAH,1041.47758
398.22776,GLKV,1436.71605
708.30135,IVGP,492.22201
1664.98381,SKRG,645.26057
520.28701,LPLK,463.17031
469.29002,ENFM,1042.37672
1686.82665,LDNT,330.11755
1119.52366,VCML,260.15247
2029.99377,FDED,115.02694
614.34279,CDAW,1134.53055
1410.88498,SVGT,378.15393
424.14166,WYFI,1501.66668
514.28634,TKYM,1650.74602
355.21071,RLSI,430.20636
1039.49745,LLKK,1620.77248
1594.86516,GVEF,995.57770
624.39588,PVLD,1216.59889
781.41563,DTAG,483.32814
200.11609,LLNE,605.29216
1539.76162,ENWD,413.22742
278.09027,VYIV,238.10659
128.09496,VGGT,455.27437
1038.52867,YSLK,200.11609
1454.58832,NNNN,114.04293
243.08552,NEIS,210.13682
1150.64584,NFPD,957.50659
230.09027,SQEG,291.12190
403.11617,RYFK,266.10150
137.05891,VDIK,429.21582
369.20122,NNFS,156.08987
328.17467,ESQF,1776.88936
469.27227,EDRN,241.17902
1026.53456,TAML,644.31294
1203.55601,SSSL,855.42388
430.20386,WGWD,573.35262
1606.69868,NKTA,299.16337
430.18522,DKMA,951.46364
1399.65542,KHEJ,690.44015
461.22743,MNAP,113.08406
401.19104,TWET,1746.88754
1242.54265,WWTL,386.19877
566.25610,LJRY,963.46365
113.08406,SISD,313.20015
114.04293,HTSR,938.45697
987.48141,AGCK,854.36397
603.30166,LQES,57.02146
406.19647,SQNA,1162.56335
569.30741,NEQN,587.23397
1583.67735,LVDS,113.08406
762.39119,QTKK,328.13827
780.30874,SSNI,1613.78715
646.28098,NFIF,99.06841
543.25403,VGGF,1558.77010
630.29078,EMVQ,904.36751
1515.77804,NKVT,370.23285
1147.56956,TGYY,785.39191
114.04293,ENLS,298.12772
452.27471,NAFL,246.06743
690.37006,STNT,628.25649
694.34385,AKGC,857.46538
473.30019,RALL,919.53919
461.22743,FRNC,260.15247
1879.99764,NDKK,256.18992
615.36318,CYFR,2014.85265
201.07495,KTTQ,880.43306
540.33837,RCVD,99.06841
1031.53008,QQCS,289.10963
1360.68742,LIQT,229.06987
114.04293,TGAQ,398.25291
299.14811,GVEY,247.06268
625.25300,VPTV,526.25397
1696.74498,CWGC,312.21613
853.51739,VLPK,468.28086
1953.10151,TIEM,313.20015
1144.58764,GKLY,554.31763
977.43169,HJIY,1760.83442
633.38900,FALP,1056.46585
226.16812,RYPK,485.25979
777.37310,FCYY,1280.62030
485.24856,VSTP,473.18703
373.23653,LLGW,673.34689
1387.68844,APNL,101.04768
843.39875,GQSL,1391.70582
744.38401,LDDL,462.23007
1032.53138,TELN,1345.75063
1475.61797,LRFD,461.15803
1096.63144,TIIF,1085.60555
1497.64592,PCWR,361.20015
712.35442,HPHT,472.21826
391.14919,MSGF,391.15658
1705.89987,SGLQ,330.17256
1551.82378,TISL,579.31289
527.22273,KIDI,1489.80279
611.32134,FSCG,1531.80345
614.28126,FMFL,407.22088
579.30165,LSSP,470.22374
349.14264,MSSQ,1838.81922
589.32238,RLIL,1713.95392
1806.04101,QTTD,370.18523
486.24381,VRIL,456.23324
765.47218,IJNS,291.15829
113.08406,QDYL,1052.57669
1332.63836,LVDK,530.25227
491.18385,RDNV,490.24274
1037.61207,SMSQ,616.36966
1770.00866,IYDT,57.02146
276.11100,ECPD,668.29182
231.08552,YQLT,835.34220
742.36498,KKGL,174.06406
230.09027,REFK,241.17902
1500.76713,TYVG,113.08406
232.08817,LVGK,1733.97494
442.24274,FLPL,500.22308
147.06841,KINS,937.58479
391.19296,NKVG,210.13682
1024.44365,ERYY,1205.51015
1518.73481,QPEN,585.27583
273.11471,ESCV,618.31255
1659.01568,ITAI,292.10592
186.06405,ISDQ,392.11882
541.29724,VJKH,879.59457
868.54220,LTRN,113.08406
729.31157,HFMF,509.23866
578.21839,SLLS,200.11609
1287.64723,WVDS,397.15974
598.31869,KVEG,604.30814
547.26420,SKND,398.21652
1832.09235,NPMP,403.18556
1860.00665,VNLN,212.15247
71.03711,PPLE,1236.58489
1621.84773,LTKF,269.17393
439.24307,VLHL,114.04293
1489.71360,EVRN,626.31763
1739.99337,GILY,518.26013
1567.60313,AQHJ,656.29181
57.02146,CHSL,816.42760
87.03203,KYHF,401.20630
1177.55900,PTPP,841.39048
1425.67356,AALL,674.29836
1536.70309,PVLI,831.34461
885.38032,FGYT,545.30741
603.29041,HQPF,1897.08654
984.48896,DEKN,709.30312
1276.57577,MDEI,301.10625
574.31148,EIIE,71.03711
2088.00058,HLPM,142.07422
1016.44258,ALCT,377.10792
147.06841,VMPR,1174.50520
1087.51205,CRKJ,128.05858
1353.57467,IVDL,593.25577
783.32864,VEQG,129.04259
241.17902,GEDL,1930.11976
545.23330,SDDD,846.45993
234.10044,EMRF,1683.72861
128.09496,PIEK,1594.82423
1470.81897,WWHA,57.02146
450.17506,NDSS,113.08406
545.17177,KDRE,230.09027
227.16337,QPJK,1986.86378
1165.66412,PFCA,687.37441
442.22883,IAIS,1056.53523
605.26316,GDRW,71.03711
347.18450,EVWA,475.24308
667.24581,PSLS,227.12699
473.19104,RNRV,216.07462
351.15828,FFDC,516.23661
198.13682,RPST,565.30126
1573.68174,SWWC,99.06841
188.07971,SAPS,958.49711
951.56540,PHIN,1065.54295
834.39841,RPPV,617.28429
147.06841,IDKN,541.33362
1167.63600,SDYK,478.25799
834.39456,GAMA,156.10111
889.42936,VGGD,323.22088
464.15432,GRKS,593.28091
1648.75552,PAVD,644.36458
477.28119,AQYY,278.10890
1060.46477,KDFV,370.22161
866.32287,RTWS,1264.56990
278.09027,PTAH,714.35480
115.02694,LSPF,637.35877
129.04259,AIHA,600.33837
114.04293,NTTL,479.20162
1458.79430,NSNG,250.14297
845.38138,NKKT,745.39515
916.42903,SKDS,374.19540
57.02146,CWIK,537.22235
323.13822,CLQJ,2252.20993
1067.56111,VKIT,466.18522
227.12699,EVGA,1996.07164
576.26963,EGFR,581.36492
1432.74627,DFGN,813.43446
1957.77883,ALLM,257.13755
2322.16173,WQTV,147.06841
1220.90600,AGMY,664.38812
310.13174,GDDL,923.54400
823.41881,RVLH,641.34966
690.35883,RKMP,57.02146
242.10151,LVSK,574.24210
802.43372,GKRR,1324.61600
636.28673,YPVE,1313.59279
990.45929,PEHJ,113.08406
414.19753,RHSS,1805.93840
338.15901,PNSG,1503.75103
1870.05637,SNQN,113.08406
859.35593,GFSA,99.06841
779.36024,TGPA,652.43841
1316.57854,INSW,784.41529
783.43128,KNKL,1065.65193
202.07760,SIFT,477.28119
787.42621,FKLF,128.09496
798.44603,PFLS,657.37445
399.22301,AKDK,2056.83850
316.13176,WLIV,444.27364
1207.61247,EYYN,512.29584
71.03711,KATA,327.22703
399.13989,LKCY,1647.71802
912.50286,LKQE,244.06953
836.45446,ISPI,331.15658
459.21178,ILVL,226.16812
690.37408,LIGP,1180.70082
1268.64729,QRFI,526.25397
227.12699,GWFM,1187.59346
1231.60531,YDWC,147.06841
1023.45626,WNHF,797.41055
824.37768,FGGS,1164.52720
230.09027,LGDN,213.11134
1183.69647,SWKE,1421.90551
99.06841,AANL,1935.87916
113.08406,YGGT,407.18788
216.07462,LLGM,497.33256
2250.12936,FFHT,211.09569
2547.06999,GCST,291.12191
368.12667,WPWW,370.20048
314.13789,TVLF,865.40172
312.21613,LQKL,386.15500
562.24996,LDWQ,1739.64003
548.30707,DGGQ,1212.65497
310.13174,KLKK,2252.10997
1263.45745,YJWS,160.03065
914.41338,YKFN,871.42869
516.25437,NQLY,729.30033
114.04293,YDGD,1903.97132
1525.77175,YNTN,186.07931
317.12230,IMEK,1449.73509
827.47525,AFAS,374.14376
949.55964,ISGS,275.11174
567.27784,RRRR,2520.42347
230.10890,YTRH,227.12699
1330.59759,PLHL,228.11100
520.21692,TTKG,985.50802
1707.81911,TFKE,137.05891
430.25799,VCEC,1094.54685
786.33367,IQDQ,1499.65436
609.23946,TPMR,634.27109
144.05349,SYDL,331.12019
228.11100,AALP,1970.95537
748.42048,CCML,346.09470
1961.83011,LFEI,665.24791
276.11100,LEYK,285.14772
238.10659,SAKP,553.39515
115.02694,FWFE,654.30131
331.18958,INKK,299.14811
299.14811,FDDD,1267.52782
717.33334,SNQN,285.13247
738.35883,LKNP,476.26348
1222.50520,RNLS,402.15730
142.07422,TSID,257.13755
1401.54079,EJRG,996.44087
1188.63250,LLLG,1145.61209
1839.96651,EAWH,668.40097
370.19646,LRMF,2314.93309
884.35608,QLVT,658.32860
619.27142,HQNR,660.30874
424.17467,VMSN,1205.62332
199.13207,VAAS,1931.91276
408.17975,YKVY,131.04049
210.13682,GQAD,551.24922
253.15387,DLCV,787.45921
394.16008,SFTA,891.50656
1459.79356,VGNF,128.09496
242.12665,KGIA,388.21105
932.49084,KLKS,313.20015
997.48286,VIRE,530.25226
1803.85264,KSMC,446.16622
1672.82044,GFWA,517.23589
315.16166,DDVA,115.02694
346.13110,MGGA,114.04292
563.18723,FTQI,737.38605
735.24600,NNNN,1083.27885
315.10664,EKKE,1744.91077
407.13286,EEEL,891.49263
114.04293,APGW,430.14884
241.14264,RQVF,2135.91529
327.17941,NSLI,384.23726
543.25403,DRRE,539.33188
541.32239,IPSL,1072.55127
170.10552,DEIN,355.13794
250.09536,NNPY,1060.47129
342.20155,ADDF,188.07971
269.18517,DAVN,896.47558
1483.74194,QSDV,655.35407
880.44498,SHLF,351.14304
1285.75465,ANYV,642.36016
762.38467,FFLS,71.03711
129.04259,MRKQ,1894.11121
2261.24326,VSEA,87.03203
1328.76047,VPSE,613.32577
349.14264,MEDH,900.35821
370.22161,LLNF,384.21211
480.23726,SDLE,327.15427
202.09536,CHYS,1094.37973
1028.61308,KMAA,1362.76193
700.40203,LLIS,550.22097
470.16239,GVKN,227.16337
502.19984,PSLK,957.45157
378.23793,CDST,1677.85822
250.14297,FNNK,1063.53919
156.10111,ERVN,429.14957
71.03711,VKKL,1803.90027
113.08406,ELCR,386.18014
889.45451,FNIS,646.30747
115.02694,DKQS,697.35475
113.08406,NCLG,1358.64661
951.64538,NLRA,97.05276
835.40488,FFLK,114.04293
388.21105,LLHQ,443.23799
224.09094,DGYN,1764.97152
834.35818,PGQW,186.07931
1135.65356,YTHM,71.03711
186.07931,AVGI,1456.69214
596.32820,NVLN,950.46822
548.28192,ENLA,97.05276
87.03203,DIDF,1452.72621
448.16029,SARQ,1138.46097
628.19112,ELPW,937.53851
399.20188,WRFL,1841.90219
341.21753,LDDL,129.04259
346.10996,NWKD,560.22645
114.04293,FIET,518.19073
184.12117,IHJR,745.27010
289.07324,KDKK,420.16449
1205.59414,QLAG,795.44904
1526.74773,FNQA,804.37661
468.30601,GVFG,269.17393
358.18523,LEAS,764.37045
531.19989,CLFR,623.33189
717.26781,DNNN,845.32638
147.06841,WMPA,576.28423
1390.84084,EQLT,1039.47229
163.06333,GLLM,938.39901
413.22743,DVIT,493.21727
113.08406,AEVY,988.46140
425.28628,RMQF,245.08342
341.20630,KPLR,901.40287
283.18958,LVGG,321.13247
113.08406,NYAL,904.28437
733.30312,FEGD,314.12263
113.08406,RNKH,1588.78586
128.09496,PHER,577.29340
357.16483,TANA,172.08479
614.32887,VFNS,137.05891
667.40169,SITJ,576.26963
984.51008,RIMN,609.38498
1315.73605,ENYK,956.40351
200.11609,AQPS,1186.58383
248.11609,KCTG,335.11173
101.04768,JMLG,2138.01914
1131.52365,SCLQ,501.30634
544.34854,KNSA,458.21251
426.24782,PRMW,838.47348
1247.44006,SDER,101.04768
998.49336,DYMS,847.45519
403.16379,RYGG,1136.44578
562.27511,GSYQ,212.07970
1925.99589,TLNP,242.12665
158.06914,HFTL,400.17064
1431.75039,HFDF,916.40004
815.43887,TKAT,444.18562
147.06841,HKYQ,2303.09374
2038.14758,SNIF,87.03203
147.06841,FNSE,360.14674
243.12190,SNND,528.23323
789.32618,EDFV,1224.68663
544.26454,QHDW,586.30497
260.15247,EQGQ,1488.76846
1223.66222,NESD,1038.37778
128.05857,EYFS,368.24234
589.28601,KVLA,570.31657
278.09027,FVIK,1190.62300
1225.71827,TVFG,298.16410
1491.69152,VHSM,101.04768
642.27617,VMSE,342.19031
769.28937,SHFF,703.40170
1878.00481,GTIV,313.20015
571.28668,ETKR,128.05858
245.08342,VIRE,1519.87220
330.11755,QMCL,71.03711
467.32199,DINN,243.13314
113.08406,WKRT,643.34756
128.05858,IVIK,406.14885
315.14303,AETV,147.06841
404.24235,LRGA,868.51304
1761.72729,LFKD,753.41734
243.12190,MPMV,2076.10507
421.20736,VATV,1782.80353
1684.65446,QHRS,538.19581
526.34787,ITYE,1471.70554
931.46508,DQMG,637.28601
184.12117,VNGV,1280.53431
427.24308,LFYY,604.32205
532.26455,QQQQ,1774.91010
977.48179,SAID,386.18014
1121.55053,QSGR,1386.61977
469.22849,LKDI,697.32826
284.19607,TTEK,1504.85861
244.06953,YELS,1976.00032
115.02694,EDPT,685.32825
790.37621,DLIF,128.09496
345.20523,YAVL,1294.68944
87.03203,YDAF,366.12878
632.33559,PFFP,1779.98578
591.25875,LQNK,752.44322
913.41160,VTFI,523.26892
853.43472,NYLP,489.25873
326.20663,NIRE,186.10044
1511.83474,YRGN,129.04259
128.09496,YKLG,779.46535
1726.79845,SMII,115.02694
213.11134,TFJJ,1268.61627
848.43921,YLND,485.26381
1604.77944,KNDI,584.31697
87.03203,YRGA,488.22709
137.05891,KSNM,1507.87622
1788.90195,HPHA,711.25339
476.22709,IARS,147.06841
1212.67137,CPQC,171.06439
735.27452,NPNL,113.08406
299.16337,MAPK,955.46241
2294.13534,QEAY,492.25571
1042.53419,DIVI,212.07970
273.09608,NDPH,1351.63027
1069.53047,MNRY,902.50140
573.27583,EDAN,257.13755
634.29623,LADJ,1788.88685
1659.69089,QLRT,420.24849
1140.58150,AYQA,354.19031
128.05858,FWVA,894.39118
170.10552,MGTM,559.33697
475.24308,TETD,839.39259
1056.55724,CSLF,1387.77983
850.40811,LEPP,399.23425
115.02694,FYKM,1469.74874
301.09099,DFST,333.13246
679.46323,LANS,533.28494
301.10625,KVGF,285.16885
2232.11024,IFEG,200.11609
1287.63466,FVIP,570.30132
114.04293,EPYC,1014.38651
667.42684,NEKD,147.06841
1131.59241,ELYQ,472.19178
1386.69254,THKV,291.12191
1282.71458,SPRQ,496.31216
2453.26038,SELC,113.08406
324.17975,QFSS,812.41405
234.10044,RSLS,229.10625
260.11609,SVPN,1422.56076
952.57055,KRGK,701.42243
1382.67648,WKIJ,774.31190
113.08406,ATFR,1911.92861
690.37006,VAAG,373.23653
87.03203,VQSY,1332.71453
113.08406,GRSG,984.59809
315.16166,RDIA,502.23872
1757.82941,ANRF,128.05857
186.10044,QATE,943.47043
1741.88461,QQRL,200.11609
988.52695,NEQK,1051.63628
1403.69727,VNAY,598.34385
635.33910,TMFS,543.29042
659.36157,SPLN,1491.82781
512.31831,EDKI,816.42038
1158.47303,JJFI,1306.71930
1886.87671,PATV,227.16337
615.32028,SMMD,273.11471
243.13314,VQKV,185.08004
760.37554,WRYW,494.21653
774.33368,LQYM,504.21147
644.28058,ENNK,265.11749
752.43332,YWNQ,690.35295
294.13682,SKDL,1516.77079
129.04259,LTQK,1090.50432
594.28019,VEYH,1077.52031
789.35197,NWVY,601.28938
1094.50012,JALG,71.03711
128.09496,PEAP,717.28258
927.46615,LLYF,1026.62257
464.22441,FFPV,465.26996
1272.75940,WLYL,269.18517
1082.47561,HVFV,113.08406
856.44027,TLIC,1283.71251
